{
  "assetsByChunkName": {
    "vendors~app-account~app-confirmation~app-order": "chunk.1f3e714ebf3bf05134de.js",
    "vendors~app-account~app-checkout": "chunk.6ed2f4f3e4fc265b530a.js",
    "vendors~app-cart~app-checkout": "chunk.6a2aee40923e232021db.js",
    "admin": [
      "admin.60710296d313db10ecb3.js",
      "admin.60710296d313db10ecb3.js.map"
    ],
    "app-account": "chunk.49031bd3f7b6edb82f40.js",
    "app-checkout": "chunk.8550f47bac3d5de3439a.js",
    "app-confirmation": "chunk.6df22f61e2ddfffb2d83.js",
    "checkout": [
      "checkout.a14da5918ac710061a7d.js",
      "checkout.a14da5918ac710061a7d.js.map"
    ],
    "storefront": [
      "storefront.613c09fd4a8c059c230f.css",
      "storefront.8fa77fdda013263ea181.js",
      "storefront.613c09fd4a8c059c230f.css.map",
      "storefront.8fa77fdda013263ea181.js.map"
    ],
    "vendors~app-cart": "chunk.96d64eec6f5d69ec3b97.js",
    "vendors~app-order": "chunk.7ef4fa800f6bf5a5d524.js"
  }
}